Workbook

Sheet Method
A1: Method — performance study
A3: What is measured
A4: Execution time of each pipeline stage for the 6 reports processed 5 times each: (1) LLM extraction, (2) RDF generation, (3) TTLS generation, (4) import into Neo4j. For the LLM stage the workbook also records the number of LLM calls (split by model: M Chat and M mini), cache, prunings, and input/output tokens per run.
A5: An additional experiment compares sequential and parallel execution of report 5 (4 runs per mode) and checks that both modes give the same graph structure (multiset Jaccard J_w). Sequential: the 4 runs are executed one after another. Parallel: the 4 runs are launched simultaneously.
A6: Batch wall-clock time of the 4 runs: sequential = sum of the 4 run times (assumes no idle time between runs); parallel = time of the slowest run (assumes a common start). Throughput = 4 reports × 60 / batch time (reports per minute). Speed-up = sequential batch / parallel batch.
A7: Sources
A8: Rendimiento.xlsx (sheets LLM, RDF, TTLS, Neo4j, Secuencialidad y paralelismo). Pages and words: counted from the six .docx reports. J_w of the parallel runs: computed from their JSON outputs.
A9: Units and resolution
A10: Times are stored as Excel time values and converted to seconds with ×86 400. LLM, Neo4j and sequential/parallel times have a resolution of 1 s; RDF and TTLS times have a resolution of 1 ms.
A11: For RDF, TTLS and Neo4j only the per-report mean over the runs is available, so no dispersion can be computed for these stages.
A12: Derived indicators
A13: Seconds per LLM call = LLM time / LLM calls. Local stages = RDF + TTLS + Neo4j. End-to-end = LLM + local stages. LLM share = LLM time / end-to-end. CV = SD / mean.
... A18: In sheet LLM, runs 2 and 4 of report 3 report identical token counts (187 409 input / 5 788 output) with different times; worth checking that no row was duplicated.

Sheet Environment
A1: Test environment
A2: As described by the authors. No CPU or memory limits are declared in docker-compose.yml, so container resources are those granted by Docker Desktop on WSL2.
A4: Component | B4: Configuration
A5: Machine
A6: Processor | B6: Intel Core i3-1115G4 — 2 physical cores, 4 logical processors
A7: Physical memory | B7: 8 GB RAM
A8: Virtualisation | B8: Docker Desktop on WSL2; no .wslconfig file, so WSL2 defaults apply (all logical processors, up to 50% of physical RAM)
A9: Resources available to Docker | B9: 4 CPUs, 3.63 GB RAM
A10: Deployment (Docker Compose)
A11: backend | B11: FastAPI served by Uvicorn, single worker (no --workers flag)
A12: database | B12: Neo4j 5.25 with APOC and neosemantics plugins; heap size not set explicitly
A13: frontend | B13: Web front end
A14: Container limits | B14: None declared (no CPU or memory limits in docker-compose.yml)
A15: Language model
A16: Inference | B16: Remote, through the OpenRouter API — does not consume local resources
A17: M Chat (main model) | B17: openai/chat-latest — OpenAI's moving alias for the latest ChatGPT Instant chat model (the version behind the alias changes over time; recorded in the llm_model field of the outputs)
A18: M mini (lightweight model) | B18: OpenAI GPT-5.2 mini
A19: Execution modes (report 5 experiment)
A20: Sequential | B20: The 4 runs are executed one after another
A21: Parallel | B21: The 4 runs are launched simultaneously

Sheet Summary
A1: Summary — performance of the pipeline per report (5 runs each)
A2: All values are formulas reading the other sheets, except pages and words (blue), counted from the .docx reports. End-to-end = LLM + RDF + TTLS + Neo4j.
A4: Report | B4: Pages | C4: Words | D4: LLM calls (mean) | E4: Input tokens (mean) | F4: Output tokens (mean) | G4: LLM time mean (s) | H4: LLM time SD (s) | I4: LLM time CV | J4: Seconds per LLM call | K4: RDF (s) | L4: TTLS (s) | M4: Neo4j (s) | N4: Local stages (s) | O4: End-to-end (s) | P4: LLM share of end-to-end | Q4: Rank words | R4: Rank LLM time | S4: Rank LLM calls | T4: Rank input tokens
A5: Report 1 | B5: 12 | C5: 3066 | D5: ='LLM runs'!G38 -> 65.6 | E5: ='LLM runs'!H38 -> 726382.2 | F5: ='LLM runs'!J38 -> 11755.4 | G5: ='LLM runs'!B38 -> 240.6 | H5: ='LLM runs'!C38 -> 42.758625 | I5: ='LLM runs'!D38 -> 0.17771665 | J5: =G5/D5 -> 3.6676829 | K5: =Stages!F5 -> 0.071 | L5: =Stages!G5 -> 3.996 | M5: =Stages!H5 -> 21 | N5: =K5+L5+M5 -> 25.067 | O5: =G5+N5 -> 265.667 | P5: =G5/O5 -> 0.90564504 | Q5: =RANK(C5,$C$5:$C$10,1) -> 6 | R5: =RANK(G5,$G$5:$G$10,1) -> 6 | S5: =RANK(D5,$D$5:$D$10,1) -> 6 | T5: =RANK(E5,$E$5:$E$10,1) -> 6
A6: Report 2 | B6: 2 | C6: 444 | D6: ='LLM runs'!G39 -> 22.6 | E6: ='LLM runs'!H39 -> 90482.6 | F6: ='LLM runs'!J39 -> 3302.4 | G6: ='LLM runs'!B39 -> 74.2 | H6: ='LLM runs'!C39 -> 14.202113 | I6: ='LLM runs'!D39 -> 0.19140313 | J6: =G6/D6 -> 3.2831858 | K6: =Stages!F6 -> 0.025 | L6: =Stages!G6 -> 4.352 | M6: =Stages!H6 -> 8 | N6: =K6+L6+M6 -> 12.377 | O6: =G6+N6 -> 86.577 | P6: =G6/O6 -> 0.85704055 | Q6: =RANK(C6,$C$5:$C$10,1) -> 1 | R6: =RANK(G6,$G$5:$G$10,1) -> 3 | S6: =RANK(D6,$D$5:$D$10,1) -> 3 | T6: =RANK(E6,$E$5:$E$10,1) -> 2
A7: Report 3 | B7: 6 | C7: 1615 | D7: ='LLM runs'!G40 -> 25.4 | E7: ='LLM runs'!H40 -> 191428.8 | F7: ='LLM runs'!J40 -> 5586.2 | G7: ='LLM runs'!B40 -> 97.4 | H7: ='LLM runs'!C40 -> 11.802542 | I7: ='LLM runs'!D40 -> 0.121176 | J7: =G7/D7 -> 3.8346457 | K7: =Stages!F7 -> 0.069 | L7: =Stages!G7 -> 8.598 | M7: =Stages!H7 -> 14 | N7: =K7+L7+M7 -> 22.667 | O7: =G7+N7 -> 120.067 | P7: =G7/O7 -> 0.81121374 | Q7: =RANK(C7,$C$5:$C$10,1) -> 4 | R7: =RANK(G7,$G$5:$G$10,1) -> 4 | S7: =RANK(D7,$D$5:$D$10,1) -> 4 | T7: =RANK(E7,$E$5:$E$10,1) -> 4
A8: Report 4 | B8: 7 | C8: 1801 | D8: ='LLM runs'!G41 -> 40 | E8: ='LLM runs'!H41 -> 421007.8 | F8: ='LLM runs'!J41 -> 8537 | G8: ='LLM runs'!B41 -> 146.4 | H8: ='LLM runs'!C41 -> 14.993332 | I8: ='LLM runs'!D41 -> 0.10241347 | J8: =G8/D8 -> 3.66 | K8: =Stages!F8 -> 0.032 | L8: =Stages!G8 -> 6.515 | M8: =Stages!H8 -> 12 | N8: =K8+L8+M8 -> 18.547 | O8: =G8+N8 -> 164.947 | P8: =G8/O8 -> 0.88755782 | Q8: =RANK(C8,$C$5:$C$10,1) -> 5 | R8: =RANK(G8,$G$5:$G$10,1) -> 5 | S8: =RANK(D8,$D$5:$D$10,1) -> 5 | T8: =RANK(E8,$E$5:$E$10,1) -> 5
A9: Report 5 | B9: 4 | C9: 817 | D9: ='LLM runs'!G42 -> 13 | E9: ='LLM runs'!H42 -> 48759.8 | F9: ='LLM runs'!J42 -> 3732.4 | G9: ='LLM runs'!B42 -> 64.2 | H9: ='LLM runs'!C42 -> 9.4973681 | I9: ='LLM runs'!D42 -> 0.14793408 | J9: =G9/D9 -> 4.9384615 | K9: =Stages!F9 -> 0.007 | L9: =Stages!G9 -> 3.053 | M9: =Stages!H9 -> 6 | N9: =K9+L9+M9 -> 9.06 | O9: =G9+N9 -> 73.26 | P9: =G9/O9 -> 0.87633088 | Q9: =RANK(C9,$C$5:$C$10,1) -> 2 | R9: =RANK(G9,$G$5:$G$10,1) -> 1 | S9: =RANK(D9,$D$5:$D$10,1) -> 1 | T9: =RANK(E9,$E$5:$E$10,1) -> 1
A10: Report 6 | B10: 4 | C10: 926 | D10: ='LLM runs'!G43 -> 19 | E10: ='LLM runs'!H43 -> 94751 | F10: ='LLM runs'!J43 -> 3823 | G10: ='LLM runs'!B43 -> 69.8 | H10: ='LLM runs'!C43 -> 10.616026 | I10: ='LLM runs'!D43 -> 0.15209206 | J10: =G10/D10 -> 3.6736842 | K10: =Stages!F10 -> 0.028 | L10: =Stages!G10 -> 7.804 | M10: =Stages!H10 -> 7 | N10: =K10+L10+M10 -> 14.832 | O10: =G10+N10 -> 84.632 | P10: =G10/O10 -> 0.82474714 | Q10: =RANK(C10,$C$5:$C$10,1) -> 3 | R10: =RANK(G10,$G$5:$G$10,1) -> 2 | S10: =RANK(D10,$D$5:$D$10,1) -> 2 | T10: =RANK(E10,$E$5:$E$10,1) -> 3
A11: All reports | B11: =SUM(B5:B10) -> 35 | C11: =SUM(C5:C10) -> 8669 | D11: =AVERAGE(D5:D10) -> 30.933333 | E11: =AVERAGE(E5:E10) -> 262135.37 | F11: =AVERAGE(F5:F10) -> 6122.7333 | G11: =AVERAGE(G5:G10) -> 115.43333 | J11: =SUM(G5:G10)/SUM(D5:D10) -> 3.731681 | K11: =AVERAGE(K5:K10) -> 0.038666667 | L11: =AVERAGE(L5:L10) -> 5.7196667 | M11: =AVERAGE(M5:M10) -> 11.333333 | N11: =AVERAGE(N5:N10) -> 17.091667 | O11: =AVERAGE(O5:O10) -> 132.525 | P11: =SUM(G5:G10)/SUM(O5:O10) -> 0.87103062
A12: Row 'All reports': pages and words are totals; seconds per call and LLM share are aggregate ratios (Σ time / Σ calls, Σ LLM / Σ end-to-end); the rest are means of the six reports.
A14: Correlations
A15: Spearman ρ (6 reports): LLM time vs words | E15: =CORREL(R5:R10,Q5:Q10) -> 0.82857143
A16: Spearman ρ (6 reports): LLM time vs LLM calls | E16: =CORREL(R5:R10,S5:S10) -> 1
A17: Spearman ρ (6 reports): LLM time vs input tokens | E17: =CORREL(R5:R10,T5:T10) -> 0.94285714
A18: Spearman ρ (6 reports): LLM calls vs words | E18: =CORREL(S5:S10,Q5:Q10) -> 0.82857143
A19: Pearson r (30 runs): LLM time vs LLM calls | E19: ='LLM runs'!$B$48 -> 0.95571138
A20: Pearson r (30 runs): LLM time vs input tokens | E20: ='LLM runs'!$B$49 -> 0.83822574
A21: Pearson r (30 runs): LLM time vs output tokens | E21: ='LLM runs'!$B$50 -> 0.9015369
A22: Spearman ρ = Pearson correlation of the ranks (no ties in these columns). With n = 6 these values are descriptive.

Sheet LLM runs
A1: LLM extraction — 30 runs (6 reports × 5 runs)
A2: Blue = values from Rendimiento.xlsx (sheet LLM). Black = formulas. Time is stored as an Excel time value and converted to seconds (× 86 400).
A4: Report | B4: Report # | C4: Run | D4: LLM calls | E4: Cache | F4: Prunings (Podas) | G4: M Chat calls | H4: M mini calls | I4: Input tokens | J4: Output tokens | K4: LLM time (h:mm:ss) | L4: LLM time (s) | M4: Seconds per LLM call | N4: Input tokens per call | O4: Check: calls = Chat + mini | P4: x (report, offset by run)
A5: Report 1 | B5: 1 | C5: 1 | D5: 67 | E5: 43 | F5: 21 | G5: 58 | H5: 9 | I5: 138773 | J5: 2519 | K5: 0.0020949074 | L5: =ROUND(K5*86400,3) -> 181 | M5: =L5/D5 -> 2.7014925 | N5: =I5/D5 -> 2071.2388 | O5: =IF(D5=G5+H5,"OK","≠") -> OK | P5: =B5+(C5-3)*0.08 -> 0.84
A6: Report 1 | B6: 1 | C6: 2 | D6: 67 | E6: 43 | F6: 21 | G6: 58 | H6: 9 | I6: 474670 | J6: 13910 | K6: 0.0031828704 | L6: =ROUND(K6*86400,3) -> 275 | M6: =L6/D6 -> 4.1044776 | N6: =I6/D6 -> 7084.6269 | O6: =IF(D6=G6+H6,"OK","≠") -> OK | P6: =B6+(C6-3)*0.08 -> 0.92
A7: Report 1 | B7: 1 | C7: 3 | D7: 67 | E7: 43 | F7: 21 | G7: 58 | H7: 9 | I7: 1030726 | J7: 13754 | K7: 0.0028125 | L7: =ROUND(K7*86400,3) -> 243 | M7: =L7/D7 -> 3.6268657 | N7: =I7/D7 -> 15383.97 | O7: =IF(D7=G7+H7,"OK","≠") -> OK | P7: =B7+(C7-3)*0.08 -> 1
A8: Report 1 | B8: 1 | C8: 4 | D8: 60 | E8: 39 | F8: 21 | G8: 52 | H8: 8 | I8: 480058 | J8: 12086 | K8: 0.0025231481 | L8: =ROUND(K8*86400,3) -> 218 | M8: =L8/D8 -> 3.6333333 | N8: =I8/D8 -> 8000.9667 | O8: =IF(D8=G8+H8,"OK","≠") -> OK | P8: =B8+(C8-3)*0.08 -> 1.08
A9: Report 1 | B9: 1 | C9: 5 | D9: 67 | E9: 43 | F9: 21 | G9: 58 | H9: 9 | I9: 1507684 | J9: 16508 | K9: 0.0033101852 | L9: =ROUND(K9*86400,3) -> 286 | M9: =L9/D9 -> 4.2686567 | N9: =I9/D9 -> 22502.746 | O9: =IF(D9=G9+H9,"OK","≠") -> OK | P9: =B9+(C9-3)*0.08 -> 1.16
A10: Report 2 | B10: 2 | C10: 1 | D10: 24 | E10: 20 | F10: 21 | G10: 21 | H10: 3 | I10: 97698 | J10: 2920 | K10: 0.00079861111 | L10: =ROUND(K10*86400,3) -> 69 | M10: =L10/D10 -> 2.875 | N10: =I10/D10 -> 4070.75 | O10: =IF(D10=G10+H10,"OK","≠") -> OK | P10: =B10+(C10-3)*0.08 -> 1.84
A11: Report 2 | B11: 2 | C11: 2 | D11: 24 | E11: 20 | F11: 21 | G11: 21 | H11: 3 | I11: 102069 | J11: 3759 | K11: 0.0010532407 | L11: =ROUND(K11*86400,3) -> 91 | M11: =L11/D11 -> 3.7916667 | N11: =I11/D11 -> 4252.875 | O11: =IF(D11=G11+H11,"OK","≠") -> OK | P11: =B11+(C11-3)*0.08 -> 1.92
A12: Report 2 | B12: 2 | C12: 3 | D12: 24 | E12: 20 | F12: 21 | G12: 21 | H12: 3 | I12: 101374 | J12: 3569 | K12: 0.00090277778 | L12: =ROUND(K12*86400,3) -> 78 | M12: =L12/D12 -> 3.25 | N12: =I12/D12 -> 4223.9167 | O12: =IF(D12=G12+H12,"OK","≠") -> OK | P12: =B12+(C12-3)*0.08 -> 2
A13: Report 2 | B13: 2 | C13: 4 | D13: 17 | E13: 15 | F13: 21 | G13: 15 | H13: 2 | I13: 56632 | J13: 2507 | K13: 0.00061342593 | L13: =ROUND(K13*86400,3) -> 53 | M13: =L13/D13 -> 3.1176471 | N13: =I13/D13 -> 3331.2941 | O13: =IF(D13=G13+H13,"OK","≠") -> OK | P13: =B13+(C13-3)*0.08 -> 2.08
A14: Report 2 | B14: 2 | C14: 5 | D14: 24 | E14: 20 | F14: 21 | G14: 21 | H14: 3 | I14: 94640 | J14: 3757 | K14: 0.00092592593 | L14: =ROUND(K14*86400,3) -> 80 | M14: =L14/D14 -> 3.3333333 | N14: =I14/D14 -> 3943.3333 | O14: =IF(D14=G14+H14,"OK","≠") -> OK | P14: =B14+(C14-3)*0.08 -> 2.16
A15: Report 3 | B15: 3 | C15: 1 | D15: 27 | E15: 38 | F15: 13 | G15: 24 | H15: 3 | I15: 210068 | J15: 6322 | K15: 0.0009375 | L15: =ROUND(K15*86400,3) -> 81 | M15: =L15/D15 -> 3 | N15: =I15/D15 -> 7780.2963 | O15: =IF(D15=G15+H15,"OK","≠") -> OK | P15: =B15+(C15-3)*0.08 -> 2.84
A16: Report 3 | B16: 3 | C16: 2 | D16: 25 | E16: 23 | F16: 18 | G16: 22 | H16: 3 | I16: 187409 | J16: 5788 | K16: 0.00125 | L16: =ROUND(K16*86400,3) -> 108 | M16: =L16/D16 -> 4.32 | N16: =I16/D16 -> 7496.36 | O16: =IF(D16=G16+H16,"OK","≠") -> OK | P16: =B16+(C16-3)*0.08 -> 2.92
... A34: Report 6 | B34: 6 | C34: 5 | D34: 19 | E34: 23 | F34: 15 | G34: 17 | H34: 2 | I34: 96355 | J34: 3690 | K34: 0.00074074074 | L34: =ROUND(K34*86400,3) -> 64 | M34: =L34/D34 -> 3.3684211 | N34: =I34/D34 -> 5071.3158 | O34: =IF(D34=G34+H34,"OK","≠") -> OK | P34: =B34+(C34-3)*0.08 -> 6.16
A36: Per-report statistics over the 5 runs
A37: Report | B37: Mean LLM time (s) | C37: SD (s) | D37: CV | E37: Min (s) | F37: Max (s) | G37: Mean LLM calls | H37: Mean input tokens | I37: CV input tokens | J37: Mean output tokens | K37: Mean s per call
A38: Report 1 | B38: =AVERAGE(L5:L9) -> 240.6 | C38: =STDEV(L5:L9) -> 42.758625 | D38: =C38/B38 -> 0.17771665 | E38: =MIN(L5:L9) -> 181 | F38: =MAX(L5:L9) -> 286 | G38: =AVERAGE(D5:D9) -> 65.6 | H38: =AVERAGE(I5:I9) -> 726382.2 | I38: =STDEV(I5:I9)/AVERAGE(I5:I9) -> 0.74531254 | J38: =AVERAGE(J5:J9) -> 11755.4 | K38: =B38/G38 -> 3.6676829
A39: Report 2 | B39: =AVERAGE(L10:L14) -> 74.2 | C39: =STDEV(L10:L14) -> 14.202113 | D39: =C39/B39 -> 0.19140313 | E39: =MIN(L10:L14) -> 53 | F39: =MAX(L10:L14) -> 91 | G39: =AVERAGE(D10:D14) -> 22.6 | H39: =AVERAGE(I10:I14) -> 90482.6 | I39: =STDEV(I10:I14)/AVERAGE(I10:I14) -> 0.21172847 | J39: =AVERAGE(J10:J14) -> 3302.4 | K39: =B39/G39 -> 3.2831858
A40: Report 3 | B40: =AVERAGE(L15:L19) -> 97.4 | C40: =STDEV(L15:L19) -> 11.802542 | D40: =C40/B40 -> 0.121176 | E40: =MIN(L15:L19) -> 81 | F40: =MAX(L15:L19) -> 109 | G40: =AVERAGE(D15:D19) -> 25.4 | H40: =AVERAGE(I15:I19) -> 191428.8 | I40: =STDEV(I15:I19)/AVERAGE(I15:I19) -> 0.054556649 | J40: =AVERAGE(J15:J19) -> 5586.2 | K40: =B40/G40 -> 3.8346457
A41: Report 4 | B41: =AVERAGE(L20:L24) -> 146.4 | C41: =STDEV(L20:L24) -> 14.993332 | D41: =C41/B41 -> 0.10241347 | E41: =MIN(L20:L24) -> 123 | F41: =MAX(L20:L24) -> 163 | G41: =AVERAGE(D20:D24) -> 40 | H41: =AVERAGE(I20:I24) -> 421007.8 | I41: =STDEV(I20:I24)/AVERAGE(I20:I24) -> 0.45448578 | J41: =AVERAGE(J20:J24) -> 8537 | K41: =B41/G41 -> 3.66
A42: Report 5 | B42: =AVERAGE(L25:L29) -> 64.2 | C42: =STDEV(L25:L29) -> 9.4973681 | D42: =C42/B42 -> 0.14793408 | E42: =MIN(L25:L29) -> 49 | F42: =MAX(L25:L29) -> 72 | G42: =AVERAGE(D25:D29) -> 13 | H42: =AVERAGE(I25:I29) -> 48759.8 | I42: =STDEV(I25:I29)/AVERAGE(I25:I29) -> 0.045153363 | J42: =AVERAGE(J25:J29) -> 3732.4 | K42: =B42/G42 -> 4.9384615
A43: Report 6 | B43: =AVERAGE(L30:L34) -> 69.8 | C43: =STDEV(L30:L34) -> 10.616026 | D43: =C43/B43 -> 0.15209206 | E43: =MIN(L30:L34) -> 61 | F43: =MAX(L30:L34) -> 88 | G43: =AVERAGE(D30:D34) -> 19 | H43: =AVERAGE(I30:I34) -> 94751 | I43: =STDEV(I30:I34)/AVERAGE(I30:I34) -> 0.023220937 | J43: =AVERAGE(J30:J34) -> 3823 | K43: =B43/G43 -> 3.6736842
A44: All 30 runs | B44: =AVERAGE(L5:L34) -> 115.43333 | C44: =STDEV(L5:L34) -> 66.223073 | D44: =C44/B44 -> 0.57369107 | E44: =MIN(L5:L34) -> 49 | F44: =MAX(L5:L34) -> 286 | G44: =AVERAGE(D5:D34) -> 30.933333 | H44: =AVERAGE(I5:I34) -> 262135.37 | I44: =STDEV(I5:I34)/AVERAGE(I5:I34) -> 1.2401258 | J44: =AVERAGE(J5:J34) -> 6122.7333 | K44: =SUM(L5:L34)/SUM(D5:D34) -> 3.731681
A47: Pearson correlation with LLM time over the 30 runs
A48: LLM calls | B48: =CORREL($L$5:$L$34,D5:D34) -> 0.95571138
A49: Input tokens | B49: =CORREL($L$5:$L$34,I5:I34) -> 0.83822574
A50: Output tokens | B50: =CORREL($L$5:$L$34,J5:J34) -> 0.9015369
A51: Cache | B51: =CORREL($L$5:$L$34,E5:E34) -> 0.77139306

Sheet Stages
A1: Local pipeline stages — mean time per report
A2: Blue = values from Rendimiento.xlsx (sheets RDF, TTLS, Neo4j; one mean per report). The mean row is recomputed here with AVERAGE: in the source file the TTLS 'Promedio' cell used SUM.
A4: Report | B4: Report # | C4: RDF generation (mm:ss.000) | D4: TTLS generation (mm:ss.000) | E4: Neo4j import (h:mm:ss) | F4: RDF (s) | G4: TTLS (s) | H4: Neo4j (s)
A5: Report 1 | B5: 1 | C5: 8.2175926e-07 | D5: 4.625e-05 | E5: 0.00024305556 | F5: =ROUND(C5*86400,3) -> 0.071 | G5: =ROUND(D5*86400,3) -> 3.996 | H5: =ROUND(E5*86400,3) -> 21
A6: Report 2 | B6: 2 | C6: 2.8935185e-07 | D6: 5.037037e-05 | E6: 9.2592593e-05 | F6: =ROUND(C6*86400,3) -> 0.025 | G6: =ROUND(D6*86400,3) -> 4.352 | H6: =ROUND(E6*86400,3) -> 8
A7: Report 3 | B7: 3 | C7: 7.9861111e-07 | D7: 9.9513889e-05 | E7: 0.00016203704 | F7: =ROUND(C7*86400,3) -> 0.069 | G7: =ROUND(D7*86400,3) -> 8.598 | H7: =ROUND(E7*86400,3) -> 14
A8: Report 4 | B8: 4 | C8: 3.7037037e-07 | D8: 7.5405093e-05 | E8: 0.00013888889 | F8: =ROUND(C8*86400,3) -> 0.032 | G8: =ROUND(D8*86400,3) -> 6.515 | H8: =ROUND(E8*86400,3) -> 12
A9: Report 5 | B9: 5 | C9: 8.1018519e-08 | D9: 3.5335648e-05 | E9: 6.9444444e-05 | F9: =ROUND(C9*86400,3) -> 0.007 | G9: =ROUND(D9*86400,3) -> 3.053 | H9: =ROUND(E9*86400,3) -> 6
A10: Report 6 | B10: 6 | C10: 3.2407407e-07 | D10: 9.0324074e-05 | E10: 8.1018519e-05 | F10: =ROUND(C10*86400,3) -> 0.028 | G10: =ROUND(D10*86400,3) -> 7.804 | H10: =ROUND(E10*86400,3) -> 7
A11: Mean of the 6 reports | C11: =AVERAGE(C5:C10) -> 4.4753086e-07 | D11: =AVERAGE(D5:D10) -> 6.6199846e-05 | E11: =AVERAGE(E5:E10) -> 0.00013117284 | F11: =AVERAGE(F5:F10) -> 0.038666667 | G11: =AVERAGE(G5:G10) -> 5.7196667 | H11: =AVERAGE(H5:H10) -> 11.333333

Sheet Seq vs Par
A1: Report 5 — sequential vs parallel execution (4 runs per mode; parallel = launched simultaneously)
A2: Blue = values from Rendimiento.xlsx (sheet 'Secuencialidad y paralelismo'). The J_w values are the multiset Jaccard over the runs of each mode.
A4: Run | B4: Sequential (h:mm:ss) | C4: Parallel (h:mm:ss) | D4: Sequential (s) | E4: Parallel (s) | F4: Difference seq − par (s)
A5: R1 | B5: 0.0009375 | C5: 0.0005787037 | D5: =ROUND(B5*86400,3) -> 81 | E5: =ROUND(C5*86400,3) -> 50 | F5: =D5-E5 -> 31
A6: R2 | B6: 0.00074074074 | C6: 0.00056712963 | D6: =ROUND(B6*86400,3) -> 64 | E6: =ROUND(C6*86400,3) -> 49 | F6: =D6-E6 -> 15
A7: R3 | B7: 0.00070601852 | C7: 0.00055555556 | D7: =ROUND(B7*86400,3) -> 61 | E7: =ROUND(C7*86400,3) -> 48 | F7: =D7-E7 -> 13
A8: R4 | B8: 0.00046296296 | C8: 0.00063657407 | D8: =ROUND(B8*86400,3) -> 40 | E8: =ROUND(C8*86400,3) -> 55 | F8: =D8-E8 -> -15
D9: Sequential | E9: Parallel
C10: Mean (s) | D10: =AVERAGE(D5:D8) -> 61.5 | E10: =AVERAGE(E5:E8) -> 50.5
C11: SD (s) | D11: =STDEV(D5:D8) -> 16.822604 | E11: =STDEV(E5:E8) -> 3.1091264
C12: CV | D12: =D11/D10 -> 0.27353827 | E12: =E11/E10 -> 0.061566858
C13: Min (s) | D13: =MIN(D5:D8) -> 40 | E13: =MIN(E5:E8) -> 48
C14: Max (s) | D14: =MAX(D5:D8) -> 81 | E14: =MAX(E5:E8) -> 55
C15: Sum of the 4 runs (s) | D15: =SUM(D5:D8) -> 246 | E15: =SUM(E5:E8) -> 202
A17: Reduction of the mean time (parallel vs sequential) | D17: =1-E10/D10 -> 0.17886179
A18: Welch t-test, two-sided p-value (TTEST type 3) | D18: =TTEST(D5:D8,E5:E8,2,3) -> 0.28348769
A19: Batch wall-clock time for the 4 runs (s) | D19: =SUM(D5:D8) -> 246 | E19: =MAX(E5:E8) -> 55
A20: Throughput (reports per minute) | D20: =4*60/D19 -> 0.97560976 | E20: =4*60/E19 -> 4.3636364
A21: Speed-up of the batch (sequential / parallel) | D21: =D19/E19 -> 4.4727273
A23: Multiset Jaccard J_w over the 4 runs | D23: 1 | E23: 1
A24: Sequential: As recorded in the source sheet. Parallel: Computed from the 4 JSON outputs of the parallel runs (jaccard_multiconjunto_json.py).
A25: Batch time: sequential = sum of the 4 runs (no idle time assumed); parallel = slowest run (the 4 runs were launched simultaneously).
